<?xml version="1.0"?>
<pagescount>
	<html_total>34</html_total>
	<html_done>34</html_done>
	<images>48</images>
	<script>35</script>
	<css>17</css>
	<pdf/>
	<documents/>
	<excel/>
	<powerpoint/>
	<flash/>
	<audios/>
	<videos/>
	<xml/>
	<json/>
	<txt/>
	<autocad/>
	<model_3d/>
	<fonts>4</fonts>
	<scraping_reload>1</scraping_reload>
	<is_pretty_url>false</is_pretty_url>
	<has_trailing_slash>false</has_trailing_slash>
	<is_ebn>false</is_ebn>
	<email>oshadhakalhara7@gmail.com</email>
	<theme_name>WmdTheme911842</theme_name>
	<server_url_front_page>https://www6.waybackmachinedownloader.com/wdo/files/demo/whodecideswar.com_oshadhakalhara7_gmail.com_6mscth5edo/</server_url_front_page>
	<no_www_url>whodecideswar.com</no_www_url>
	<hosted_domain/>
	<original_archive_url>https://whodecideswar.com/products/stud-distressed-denim-with-side-embroidery</original_archive_url>
	<final_archive_url>https://whodecideswar.com/products/stud-distressed-denim-with-side-embroidery</final_archive_url>
	<front_page_code_date/>
	<total_urls_from_api/>
	<max_reached_live>false</max_reached_live>
	<scrape_other_captures>false</scrape_other_captures>
	<total_size>21920</total_size>
</pagescount>
